{
  "accuracy": 0.7108333333333333,
  "f1_score": 0.707324075833597,
  "precision": 0.7214545132429798,
  "recall": 0.7108333333333333,
  "training_time": 64.332314,
  "sample_size": 30000,
  "train_size": 24000,
  "test_size": 6000,
  "feature_selection": false,
  "model_path": "sentiment_results/no_feature_selection_20250316_230929/sentiment_analyzer.pkl"
}