{
  "accuracy": 0.78985,
  "f1_score": 0.7898407062306313,
  "precision": 0.789901280637532,
  "recall": 0.78985,
  "train_samples": 80000,
  "test_samples": 20000,
  "training_time_seconds": 109.12676811218262,
  "cv_scores": [
    0.7853125,
    0.7899375,
    0.787375,
    0.78575,
    0.7828125
  ],
  "mean_cv_accuracy": 0.7862374999999999
}